{
    "loss": [
        0.0003246238047722727,
        0.000288480834569782,
        0.0002795230539049953,
        0.000277882965747267,
        0.0002750577696133405,
        0.0002750363200902939,
        0.00027297940687276423,
        0.00026902268291451037,
        0.00026687749777920544,
        0.0002679231110960245,
        0.00030387876904569566,
        0.0003102694754488766,
        0.00031016813591122627,
        0.0003104008501395583,
        0.0003100504691246897,
        0.00031032683909870684,
        0.00031044878414832056,
        0.00031044750357978046,
        0.0003098836459685117,
        0.00031029668753035367
    ],
    "mean_absolute_error": [
        0.007167150732129812,
        0.006366018205881119,
        0.006105112377554178,
        0.006072258111089468,
        0.0060311793349683285,
        0.005936834961175919,
        0.005962667521089315,
        0.005852785427123308,
        0.005792409647256136,
        0.005842218175530434,
        0.006919160485267639,
        0.007102116476744413,
        0.007102356292307377,
        0.0071024224162101746,
        0.007097593042999506,
        0.0070996638387441635,
        0.0071058450266718864,
        0.007104883901774883,
        0.0070969220250844955,
        0.007098841015249491
    ],
    "val_loss": [
        0.00031493493588641286,
        0.00030398063245229423,
        0.000290198833681643,
        0.00028943625511601567,
        0.00029644943424500525,
        0.0002956771058961749,
        0.00031179163488559425,
        0.00028700087568722665,
        0.00029142029234208167,
        0.0002826364361681044,
        0.00033462222199887037,
        0.0003377452085260302,
        0.0003342749841976911,
        0.00033442984567955136,
        0.0003344547585584223,
        0.00033552429522387683,
        0.0003359307593200356,
        0.00033606128999963403,
        0.00033427050220780075,
        0.00033469757181592286
    ],
    "val_mean_absolute_error": [
        0.006981957238167524,
        0.006363389082252979,
        0.006765441503375769,
        0.006169863510876894,
        0.006116194184869528,
        0.006150366738438606,
        0.006742232944816351,
        0.006780202500522137,
        0.006461349781602621,
        0.006975852884352207,
        0.008125245571136475,
        0.007494397461414337,
        0.008753033354878426,
        0.008209915831685066,
        0.008866142481565475,
        0.007868296466767788,
        0.007783343084156513,
        0.007758550811558962,
        0.008749514818191528,
        0.008097494952380657
    ]
}